customer_id,full_name_latin,passport_number,date_of_birth,sex,place_of_birth,expiry_date,verification_status
CUST-001,SAMPLE TRAVELER 001,TEST-P0001,1981-02-02,F,SAMPLE CITY 2,2031-02-28,VERIFIED_SYNTHETIC
CUST-002,SAMPLE TRAVELER 002,TEST-P0002,1982-03-03,M,SAMPLE CITY 3,2032-03-28,VERIFIED_SYNTHETIC
CUST-003,SAMPLE TRAVELER 003,TEST-P0003,1983-04-04,F,SAMPLE CITY 4,2033-04-28,VERIFIED_SYNTHETIC
CUST-004,SAMPLE TRAVELER 004,TEST-P0004,1984-05-05,M,SAMPLE CITY 5,2030-05-28,VERIFIED_SYNTHETIC
CUST-005,SAMPLE TRAVELER 005,TEST-P0005,1985-06-06,F,SAMPLE CITY 1,2031-06-28,VERIFIED_SYNTHETIC
CUST-006,SAMPLE TRAVELER 006,TEST-P0006,1986-07-07,M,SAMPLE CITY 2,2032-07-28,VERIFIED_SYNTHETIC
CUST-007,SAMPLE TRAVELER 007,TEST-P0007,1987-08-08,F,SAMPLE CITY 3,2033-08-28,VERIFIED_SYNTHETIC
CUST-008,SAMPLE TRAVELER 008,TEST-P0008,1988-09-09,M,SAMPLE CITY 4,2030-09-28,VERIFIED_SYNTHETIC
CUST-009,SAMPLE TRAVELER 009,TEST-P0009,1989-10-10,F,SAMPLE CITY 5,2031-10-28,VERIFIED_SYNTHETIC
CUST-010,SAMPLE TRAVELER 010,TEST-P0010,1990-11-11,M,SAMPLE CITY 1,2032-11-28,VERIFIED_SYNTHETIC
CUST-011,SAMPLE TRAVELER 011,TEST-P0011,1991-12-12,F,SAMPLE CITY 2,2033-12-28,VERIFIED_SYNTHETIC
CUST-012,SAMPLE TRAVELER 012,TEST-P0012,1992-01-13,M,SAMPLE CITY 3,2030-01-28,VERIFIED_SYNTHETIC
CUST-013,SAMPLE TRAVELER 013,TEST-P0013,1993-02-14,F,SAMPLE CITY 4,2031-02-28,VERIFIED_SYNTHETIC
CUST-014,SAMPLE TRAVELER 014,TEST-P0014,1994-03-15,M,SAMPLE CITY 5,2032-03-28,VERIFIED_SYNTHETIC
CUST-015,SAMPLE TRAVELER 015,TEST-P0015,1995-04-16,F,SAMPLE CITY 1,2033-04-28,VERIFIED_SYNTHETIC
CUST-016,SAMPLE TRAVELER 016,TEST-P0016,1996-05-17,M,SAMPLE CITY 2,2030-05-28,VERIFIED_SYNTHETIC
CUST-017,SAMPLE TRAVELER 017,TEST-P0017,1997-06-18,F,SAMPLE CITY 3,2031-06-28,VERIFIED_SYNTHETIC
CUST-018,SAMPLE TRAVELER 018,TEST-P0018,1998-07-19,M,SAMPLE CITY 4,2032-07-28,VERIFIED_SYNTHETIC
CUST-019,SAMPLE TRAVELER 019,TEST-P0019,1999-08-20,F,SAMPLE CITY 5,2033-08-28,VERIFIED_SYNTHETIC
CUST-020,SAMPLE TRAVELER 020,TEST-P0020,1980-09-21,M,SAMPLE CITY 1,2030-09-28,VERIFIED_SYNTHETIC
CUST-021,SAMPLE TRAVELER 021,TEST-P0021,1981-10-22,F,SAMPLE CITY 2,2031-10-28,VERIFIED_SYNTHETIC
CUST-022,SAMPLE TRAVELER 022,TEST-P0022,1982-11-23,M,SAMPLE CITY 3,2032-11-28,VERIFIED_SYNTHETIC
CUST-023,SAMPLE TRAVELER 023,TEST-P0023,1983-12-24,F,SAMPLE CITY 4,2033-12-28,VERIFIED_SYNTHETIC
CUST-024,SAMPLE TRAVELER 024,TEST-P0024,1984-01-25,M,SAMPLE CITY 5,2030-01-28,VERIFIED_SYNTHETIC
