case_id,document_type,ocr_source,raw_full_name_latin,raw_passport_number,raw_date_of_birth,raw_sex,raw_place_of_birth,raw_expiry_date,simulated_error_type
CASE-038,SYNTHETIC_PASSPORT_TEST_CARD,MOCK_OCR,SAMPLE TRAVELER 021,TEST-P0021,22 OCT 1980,F,SAMPLE CITY 2,28 OCT 2031,IDENTITY_CONFLICT
CASE-021,SYNTHETIC_PASSPORT_TEST_CARD,MOCK_OCR,SAMPLE TRAVELER 103,TEST-P0103,23 AUG 1983,F,SAMPLE CITY 4,28 AUG 2033,NONE
CASE-011,SYNTHETIC_PASSPORT_TEST_CARD,MOCK_OCR,SAMPLE TRAVELER 011,TEST-P0011,12 DEC 1991,F,SAMPLE CITY 2,28 DEC 2033,NONE
CASE-018,SYNTHETIC_PASSPORT_TEST_CARD,MOCK_OCR,  sample traveler 018  ,TEST- P0018,19 JUL 1998,M,SAMPLE CITY 4,28 JUL 2032,EXTRA_WHITESPACE
CASE-033,SYNTHETIC_PASSPORT_TEST_CARD,MOCK_OCR,CONFLICT TRAVELER 019,TEST-P0019,20 AUG 1999,F,SAMPLE CITY 5,28 AUG 2033,IDENTITY_CONFLICT
CASE-023,SYNTHETIC_PASSPORT_TEST_CARD,MOCK_OCR,SAMPLE TRAVELER 105,TEST-P0105,25 OCT 1985,F,SAMPLE CITY 1,28 OCT 2031,NONE
CASE-037,SYNTHETIC_PASSPORT_TEST_CARD,MOCK_OCR,CONFLICT TRAVELER 021,TEST-P0021,22 OCT 1981,F,SAMPLE CITY 2,28 OCT 2031,IDENTITY_CONFLICT
CASE-044,SYNTHETIC_PASSPORT_TEST_CARD,MOCK_OCR,SAMPLE TRAVELER 024,TEST-P0024,25 JAN 1983,M,SAMPLE CITY 5,28 JAN 2030,IDENTITY_CONFLICT
CASE-005,SYNTHETIC_PASSPORT_TEST_CARD,MOCK_OCR,SAMPLE TRAVELER 005,TEST-P0005,06 JUN 1985,F,SAMPLE CITY 1,28 JUN 2031,NONE
CASE-047,SYNTHETIC_PASSPORT_TEST_CARD,MOCK_OCR,SAMPLE TRAVELER 203,,15 DEC 1983,F,SAMPLE CITY 4,28 DEC 2033,MISSING_PASSPORT
CASE-028,SYNTHETIC_PASSPORT_TEST_CARD,MOCK_OCR,SAMPLE TRAVELER 110,TEST-P0110,03 MAR 1990,M,SAMPLE CITY 1,28 MAR 2032,NONE
CASE-013,SYNTHETIC_PASSPORT_TEST_CARD,MOCK_OCR,SAMPLE TRAVELER 013,TEST-P0013,1993-02-14,female,sample city 4,28 FEB 2031,FORMAT_VARIATION
CASE-004,SYNTHETIC_PASSPORT_TEST_CARD,MOCK_OCR,SAMPLE TRAVELER 004,TEST-P0004,1984-05-05,male,sample city 5,28 MAY 2030,FORMAT_VARIATION
CASE-048,SYNTHETIC_PASSPORT_TEST_CARD,MOCK_OCR,SAMPLE TRAVELER 204,,16 JAN 1984,M,SAMPLE CITY 5,28 JAN 2030,MISSING_PASSPORT
CASE-029,SYNTHETIC_PASSPORT_TEST_CARD,MOCK_OCR,SAMPLE TRAVELER 111,TEST-P0111,04 APR 1991,F,SAMPLE CITY 2,28 APR 2033,NONE
CASE-046,SYNTHETIC_PASSPORT_TEST_CARD,MOCK_OCR,SAMPLE TRAVELER 202,,14 NOV 1982,M,SAMPLE CITY 3,28 NOV 2032,MISSING_PASSPORT
CASE-039,SYNTHETIC_PASSPORT_TEST_CARD,MOCK_OCR,CONFLICT TRAVELER 022,TEST-P0022,23 NOV 1982,M,SAMPLE CITY 3,28 NOV 2032,IDENTITY_CONFLICT
CASE-015,SYNTHETIC_PASSPORT_TEST_CARD,MOCK_OCR,  sample traveler 015  ,TEST- P0015,16 APR 1995,F,SAMPLE CITY 1,28 APR 2033,EXTRA_WHITESPACE
CASE-043,SYNTHETIC_PASSPORT_TEST_CARD,MOCK_OCR,CONFLICT TRAVELER 024,TEST-P0024,25 JAN 1984,M,SAMPLE CITY 5,28 JAN 2030,IDENTITY_CONFLICT
CASE-007,SYNTHETIC_PASSPORT_TEST_CARD,MOCK_OCR,SAMPLE TRAVELER 007,TEST-P0007,1987-08-08,female,sample city 3,28 AUG 2033,FORMAT_VARIATION
CASE-057,SYNTHETIC_PASSPORT_TEST_CARD,MOCK_OCR,SAMPLE TRAVELER 213,TEST-P0213,04/05/1998,F,SAMPLE CITY 4,28 OCT 2031,AMBIGUOUS_DOB
CASE-059,SYNTHETIC_PASSPORT_TEST_CARD,MOCK_OCR,SAMPLE TRAVELER 215,TEST-P0215,NOT READABLE,F,SAMPLE CITY 1,28 DEC 2033,UNREADABLE_DOB
CASE-012,SYNTHETIC_PASSPORT_TEST_CARD,MOCK_OCR,  sample traveler 012  ,TEST- P0012,13 JAN 1992,M,SAMPLE CITY 3,28 JAN 2030,EXTRA_WHITESPACE
CASE-030,SYNTHETIC_PASSPORT_TEST_CARD,MOCK_OCR,SAMPLE TRAVELER 112,TEST-P0112,05 MAY 1992,M,SAMPLE CITY 3,28 MAY 2030,NONE
CASE-025,SYNTHETIC_PASSPORT_TEST_CARD,MOCK_OCR,SAMPLE TRAVELER 107,TEST-P0107,27 DEC 1987,F,SAMPLE CITY 3,28 DEC 2033,NONE
CASE-027,SYNTHETIC_PASSPORT_TEST_CARD,MOCK_OCR,SAMPLE TRAVELER 109,TEST-P0109,02 FEB 1989,F,SAMPLE CITY 5,28 FEB 2031,NONE
CASE-041,SYNTHETIC_PASSPORT_TEST_CARD,MOCK_OCR,CONFLICT TRAVELER 023,TEST-P0023,24 DEC 1983,F,SAMPLE CITY 4,28 DEC 2033,IDENTITY_CONFLICT
CASE-006,SYNTHETIC_PASSPORT_TEST_CARD,MOCK_OCR,  sample traveler 006  ,TEST- P0006,07 JUL 1986,M,SAMPLE CITY 2,28 JUL 2032,EXTRA_WHITESPACE
CASE-055,SYNTHETIC_PASSPORT_TEST_CARD,MOCK_OCR,,TEST-P0211,23 AUG 1991,F,SAMPLE CITY 2,28 AUG 2033,MISSING_NAME
CASE-056,SYNTHETIC_PASSPORT_TEST_CARD,MOCK_OCR,SAMPLE TRAVELER 212,TEST-P0212,04/05/1998,M,SAMPLE CITY 3,28 SEP 2030,AMBIGUOUS_DOB
CASE-053,SYNTHETIC_PASSPORT_TEST_CARD,MOCK_OCR,,TEST-P0209,21 JUN 1989,F,SAMPLE CITY 5,28 JUN 2031,MISSING_NAME
CASE-052,SYNTHETIC_PASSPORT_TEST_CARD,MOCK_OCR,,TEST-P0208,20 MAY 1988,M,SAMPLE CITY 4,28 MAY 2030,MISSING_NAME
CASE-032,SYNTHETIC_PASSPORT_TEST_CARD,MOCK_OCR,SAMPLE TRAVELER 114,TEST-P0114,07 JUL 1994,M,SAMPLE CITY 5,28 JUL 2032,NONE
CASE-060,SYNTHETIC_PASSPORT_TEST_CARD,MOCK_OCR,SAMPLE TRAVELER 216,TEST-P0216,NOT READABLE,M,SAMPLE CITY 2,28 JAN 2030,UNREADABLE_DOB
CASE-019,SYNTHETIC_PASSPORT_TEST_CARD,MOCK_OCR,SAMPLE TRAVELER 101,TEST-P0101,21 JUN 1981,F,SAMPLE CITY 2,28 JUN 2031,NONE
CASE-008,SYNTHETIC_PASSPORT_TEST_CARD,MOCK_OCR,SAMPLE TRAVELER 008,TEST-P0008,09 SEP 1988,M,SAMPLE CITY 4,28 SEP 2030,NONE
CASE-051,SYNTHETIC_PASSPORT_TEST_CARD,MOCK_OCR,,TEST-P0207,19 APR 1987,F,SAMPLE CITY 3,28 APR 2033,MISSING_NAME
CASE-003,SYNTHETIC_PASSPORT_TEST_CARD,MOCK_OCR,  sample traveler 003  ,TEST- P0003,04 APR 1983,F,SAMPLE CITY 4,28 APR 2033,EXTRA_WHITESPACE
CASE-050,SYNTHETIC_PASSPORT_TEST_CARD,MOCK_OCR,SAMPLE TRAVELER 206,,18 MAR 1986,M,SAMPLE CITY 2,28 MAR 2032,MISSING_PASSPORT
CASE-002,SYNTHETIC_PASSPORT_TEST_CARD,MOCK_OCR,SAMPLE TRAVELER 002,TEST-P0002,03 MAR 1982,M,SAMPLE CITY 3,28 MAR 2032,NONE
CASE-026,SYNTHETIC_PASSPORT_TEST_CARD,MOCK_OCR,SAMPLE TRAVELER 108,TEST-P0108,01 JAN 1988,M,SAMPLE CITY 4,28 JAN 2030,NONE
CASE-031,SYNTHETIC_PASSPORT_TEST_CARD,MOCK_OCR,SAMPLE TRAVELER 113,TEST-P0113,06 JUN 1993,F,SAMPLE CITY 4,28 JUN 2031,NONE
CASE-045,SYNTHETIC_PASSPORT_TEST_CARD,MOCK_OCR,SAMPLE TRAVELER 201,,13 OCT 1981,F,SAMPLE CITY 2,28 OCT 2031,MISSING_PASSPORT
CASE-058,SYNTHETIC_PASSPORT_TEST_CARD,MOCK_OCR,SAMPLE TRAVELER 214,TEST-P0214,04/05/1998,M,SAMPLE CITY 5,28 NOV 2032,AMBIGUOUS_DOB
CASE-014,SYNTHETIC_PASSPORT_TEST_CARD,MOCK_OCR,SAMPLE TRAVELER 014,TEST-P0014,15 MAR 1994,M,SAMPLE CITY 5,28 MAR 2032,NONE
CASE-034,SYNTHETIC_PASSPORT_TEST_CARD,MOCK_OCR,SAMPLE TRAVELER 019,TEST-P0019,20 AUG 1998,F,SAMPLE CITY 5,28 AUG 2033,IDENTITY_CONFLICT
CASE-035,SYNTHETIC_PASSPORT_TEST_CARD,MOCK_OCR,CONFLICT TRAVELER 020,TEST-P0020,21 SEP 1980,M,SAMPLE CITY 1,28 SEP 2030,IDENTITY_CONFLICT
CASE-022,SYNTHETIC_PASSPORT_TEST_CARD,MOCK_OCR,SAMPLE TRAVELER 104,TEST-P0104,24 SEP 1984,M,SAMPLE CITY 5,28 SEP 2030,NONE
CASE-054,SYNTHETIC_PASSPORT_TEST_CARD,MOCK_OCR,,TEST-P0210,22 JUL 1990,M,SAMPLE CITY 1,28 JUL 2032,MISSING_NAME
CASE-024,SYNTHETIC_PASSPORT_TEST_CARD,MOCK_OCR,SAMPLE TRAVELER 106,TEST-P0106,26 NOV 1986,M,SAMPLE CITY 2,28 NOV 2032,NONE
CASE-010,SYNTHETIC_PASSPORT_TEST_CARD,MOCK_OCR,SAMPLE TRAVELER 010,TEST-P0010,1990-11-11,male,sample city 1,28 NOV 2032,FORMAT_VARIATION
CASE-001,SYNTHETIC_PASSPORT_TEST_CARD,MOCK_OCR,SAMPLE TRAVELER 001,TEST-P0001,1981-02-02,female,sample city 2,28 FEB 2031,FORMAT_VARIATION
CASE-016,SYNTHETIC_PASSPORT_TEST_CARD,MOCK_OCR,SAMPLE TRAVELER 016,TEST-P0016,1996-05-17,male,sample city 2,28 MAY 2030,FORMAT_VARIATION
CASE-036,SYNTHETIC_PASSPORT_TEST_CARD,MOCK_OCR,SAMPLE TRAVELER 020,TEST-P0020,21 SEP 1979,M,SAMPLE CITY 1,28 SEP 2030,IDENTITY_CONFLICT
CASE-017,SYNTHETIC_PASSPORT_TEST_CARD,MOCK_OCR,SAMPLE TRAVELER 017,TEST-P0017,18 JUN 1997,F,SAMPLE CITY 3,28 JUN 2031,NONE
CASE-020,SYNTHETIC_PASSPORT_TEST_CARD,MOCK_OCR,SAMPLE TRAVELER 102,TEST-P0102,22 JUL 1982,M,SAMPLE CITY 3,28 JUL 2032,NONE
CASE-049,SYNTHETIC_PASSPORT_TEST_CARD,MOCK_OCR,SAMPLE TRAVELER 205,,17 FEB 1985,F,SAMPLE CITY 1,28 FEB 2031,MISSING_PASSPORT
CASE-042,SYNTHETIC_PASSPORT_TEST_CARD,MOCK_OCR,SAMPLE TRAVELER 023,TEST-P0023,24 DEC 1982,F,SAMPLE CITY 4,28 DEC 2033,IDENTITY_CONFLICT
CASE-009,SYNTHETIC_PASSPORT_TEST_CARD,MOCK_OCR,  sample traveler 009  ,TEST- P0009,10 OCT 1989,F,SAMPLE CITY 5,28 OCT 2031,EXTRA_WHITESPACE
CASE-040,SYNTHETIC_PASSPORT_TEST_CARD,MOCK_OCR,SAMPLE TRAVELER 022,TEST-P0022,23 NOV 1981,M,SAMPLE CITY 3,28 NOV 2032,IDENTITY_CONFLICT
